{
  "قطر الندى": [
    "أسامة إسحاق ابراهيم",
    "باقر رابع ابراهيم",
    "محمد أمين عمر نافع",
    "محمد باقر حسن يلا",
    "محمد عيسى بكر",
    "جعفر داوود احمد",
    "علي مصطفى محمد",
    "إبراهيم الياس وترا",
    "أبو بكر الحسن دمبيا",
    "ابو بكر هاشم محمد",
    "بشير عبدالله سعيد",
    "بكري صديق فوفانا",
    "ترنو حامد مكو بارو",
    "تيجاني يالا قاسم سعيد",
    "سالف داود محمد بالو",
    "شعبان اماني ثاديو سودنا",
    "عباس عبدالكريم موني",
    "عبد الصمد ثالث محمد",
    "عبيد عبد الهادي ثالث علي",
    "لاسانا رشيد بكر سامبو",
    "محمد رمضان دايلو",
    "هادي عبدالله سعيد",
    "ودود ادريس ادم بانسي",
    "احمد يونس سرور",
    "حسن مجتبى توفيق عدوي",
    "علي عبد الوهاب عيان",
    "حسن محمد حسن حيدر"
  ],

  "منهاج الصالحين ج٢": [
    "أسامة إسحاق ابراهيم",
    "باقر رابع ابراهيم",
    "محمد أمين عمر نافع",
    "محمد باقر حسن يلا",
    "محمد عيسى بكر",
    "جعفر داوود احمد",
    "علي مصطفى محمد",
    "إبراهيم الياس وترا",
    "أبو بكر الحسن دمبيا",
    "ابو بكر هاشم محمد",
    "بشير عبدالله سعيد",
    "بكري صديق فوفانا",
    "ترنو حامد مكو بارو",
    "تيجاني يالا قاسم سعيد",
    "سالف داود محمد بالو",
    "شعبان اماني ثاديو سودنا",
    "عباس عبدالكريم موني",
    "عبد الصمد ثالث محمد",
    "عبيد عبد الهادي ثالث علي",
    "لاسانا رشيد بكر سامبو",
    "محمد رمضان دايلو",
    "هادي عبدالله سعيد",
    "ودود ادريس ادم بانسي",
    "احمد يونس سرور",
    "حسن مجتبى توفيق عدوي",
    "علي عبد الوهاب عيان",
    "حسن محمد حسن حيدر"
  ],

  "منطق المظفر ج٣": [
    "أسامة إسحاق ابراهيم",
    "باقر رابع ابراهيم",
    "محمد أمين عمر نافع",
    "محمد باقر حسن يلا",
    "محمد عيسى بكر",
    "جعفر داوود احمد",
    "علي مصطفى محمد"
  ],

  "الباب الحادي عشر": [
    "أسامة إسحاق ابراهيم",
    "باقر رابع ابراهيم",
    "محمد أمين عمر نافع",
    "محمد باقر حسن يلا",
    "محمد عيسى بكر",
    "جعفر داوود احمد",
    "علي مصطفى محمد"
  ],

  "أصول الفقه ح١": [
    "أسامة إسحاق ابراهيم",
    "باقر رابع ابراهيم",
    "محمد أمين عمر نافع",
    "محمد باقر حسن يلا",
    "محمد عيسى بكر",
    "جعفر داوود احمد",
    "علي مصطفى محمد",
    "إبراهيم الياس وترا",
    "أبو بكر الحسن دمبيا",
    "ابو بكر هاشم محمد",
    "بشير عبدالله سعيد",
    "بكري صديق فوفانا",
    "ترنو حامد مكو بارو",
    "تيجاني يالا قاسم سعيد",
    "سالف داود محمد بالو",
    "شعبان اماني ثاديو سودنا",
    "عباس عبدالكريم موني",
    "عبد الصمد ثالث محمد",
    "عبيد عبد الهادي ثالث علي",
    "لاسانا رشيد بكر سامبو",
    "محمد رمضان دايلو",
    "هادي عبدالله سعيد",
    "ودود ادريس ادم بانسي",
    "احمد يونس سرور",
    "حسن مجتبى توفيق عدوي",
    "علي عبد الوهاب عيان",
    "حسن محمد حسن حيدر"
  ],

  "منطق المظفر ج٢": [
    "إبراهيم الياس وترا",
    "أبو بكر الحسن دمبيا",
    "ابو بكر هاشم محمد",
    "بشير عبدالله سعيد",
    "بكري صديق فوفانا",
    "ترنو حامد مكو بارو",
    "تيجاني يالا قاسم سعيد",
    "سالف داود محمد بالو",
    "شعبان اماني ثاديو سودنا",
    "عباس عبدالكريم موني",
    "عبد الصمد ثالث محمد",
    "عبيد عبد الهادي ثالث علي",
    "لاسانا رشيد بكر سامبو",
    "محمد رمضان دايلو",
    "هادي عبدالله سعيد",
    "ودود ادريس ادم بانسي",
    "احمد يونس سرور",
    "حسن مجتبى توفيق عدوي",
    "علي عبد الوهاب عيان",
    "حسن محمد حسن حيدر"
  ],

  "منهاج الصالحين ج١": [
    "إبراهيم الياس وترا",
    "أبو بكر الحسن دمبيا",
    "ابو بكر هاشم محمد",
    "بشير عبدالله سعيد",
    "بكري صديق فوفانا",
    "ترنو حامد مكو بارو",
    "تيجاني يالا قاسم سعيد",
    "سالف داود محمد بالو",
    "شعبان اماني ثاديو سودنا",
    "عباس عبدالكريم موني",
    "عبد الصمد ثالث محمد",
    "عبيد عبد الهادي ثالث علي",
    "لاسانا رشيد بكر سامبو",
    "محمد رمضان دايلو",
    "هادي عبدالله سعيد",
    "ودود ادريس ادم بانسي",
    "احمد يونس سرور",
    "حسن مجتبى توفيق عدوي",
    "علي عبد الوهاب عيان",
    "حسن محمد حسن حيدر"
  ],

  "موجز أحكام المعاملات": [
    "شعيب محمد صالح",
    "يعقوب احمد يعقوب",
    "علي عيسى ميكائيل",
    "عزيز احمد",
    "هارون ابو بكر"
  ],

  "موجز أحكام العبادات": [
    "شعيب محمد صالح",
    "يعقوب احمد يعقوب",
    "علي عيسى ميكائيل",
    "عزيز احمد",
    "هارون ابو بكر"
  ],

  "خلاصة المنطق": [
    "شعيب محمد صالح",
    "يعقوب احمد يعقوب",
    "علي عيسى ميكائيل",
    "عزيز احمد",
    "هارون ابو بكر"
  ],

  "عقائد الإمامية": [
    "شعيب محمد صالح",
    "يعقوب احمد يعقوب",
    "علي عيسى ميكائيل",
    "عزيز احمد",
    "هارون ابو بكر"
  ]
}