{
  "الشيخ حيدر الشمري": [
    "قطر الندى"
	  ],
  "الشيخ ياسر الحلي": [
    "منطق المظفر ج٢",
    "منطق المظفر ج٣"
  ],
  "الشيخ حيدر السلامي": [
    "منهاج الصالحين ج١",
    "منهاج الصالحين ج٢"
  ],
  "الشيخ حسن المولى": [
    "الباب الحادي عشر",
    "أصول الفقه ح١"
  ],
  "السيد حسين علاء الموسوي": [
    "أصول الفقه ح١"
  ],
  "الشيخ علي إحسان صابر": [
    "موجز أحكام العبادات",
    "موجز أحكام المعاملات"
  ],
  "السيد محمد باقر الموسوي": [
    "التحفة السنية",
    "خلاصة المنطق"
  ],
  "السيد إبراهيم الموسوي": [
    "عقائد الإمامية"
  ]
}